<?xml version="1.0" encoding="UTF-8" standalone="no"?>
<project>
	<configuration id="cdt.managedbuild.config.gnu.exe.debug.1312782947" name="Debug">
		<extension point="org.eclipse.cdt.core.LanguageSettingsProvider">
			<provider copy-of="extension" id="org.eclipse.cdt.ui.UserLanguageSettingsProvider"/>
			<provider-reference id="org.eclipse.cdt.core.ReferencedProjectsLanguageSettingsProvider" ref="shared-provider"/>
			<provider-reference id="org.eclipse.cdt.managedbuilder.core.MBSLanguageSettingsProvider" ref="shared-provider"/>
			<provider-reference id="org.eclipse.cdt.managedbuilder.core.GCCBuiltinSpecsDetector" ref="shared-provider"/>
			<provider class="org.eclipse.cdt.managedbuilder.language.settings.providers.GCCBuildCommandParser" id="org.eclipse.cdt.managedbuilder.core.GCCBuildCommandParser" keep-relative-paths="false" name="CDT GCC Build Output Parser" parameter="(gcc)|([gc]\+\+)|(clang)" prefer-non-shared="true" resource-scope="per-folder"/>
		</extension>
	</configuration>
	<configuration id="cdt.managedbuild.config.gnu.exe.release.1156685811" name="Release">
		<extension point="org.eclipse.cdt.core.LanguageSettingsProvider">
			<provider copy-of="extension" id="org.eclipse.cdt.ui.UserLanguageSettingsProvider"/>
			<provider-reference id="org.eclipse.cdt.core.ReferencedProjectsLanguageSettingsProvider" ref="shared-provider"/>
			<provider-reference id="org.eclipse.cdt.managedbuilder.core.MBSLanguageSettingsProvider" ref="shared-provider"/>
			<provider-reference id="org.eclipse.cdt.managedbuilder.core.GCCBuiltinSpecsDetector" ref="shared-provider"/>
			<provider class="org.eclipse.cdt.managedbuilder.language.settings.providers.GCCBuildCommandParser" id="org.eclipse.cdt.managedbuilder.core.GCCBuildCommandParser" keep-relative-paths="false" name="CDT GCC Build Output Parser" parameter="(gcc)|([gc]\+\+)|(clang)" prefer-non-shared="true" resource-scope="per-folder"/>
		</extension>
	</configuration>
</project>
