<?xml version="1.0" encoding="UTF-8"?>
<!DOCTYPE softwarecomponent PUBLIC "-//JTRS//DTD SCA V2.2.2 SCD//EN" "softwarecomponent.dtd">
<softwarecomponent>
  <corbaversion>2.2</corbaversion>
  <componentrepid repid="IDL:CF/Device:1.0"/>
  <componenttype>device</componenttype>
  <componentfeatures>
    <supportsinterface repid="IDL:CF/Device:1.0" supportsname="Device"/>
    <supportsinterface repid="IDL:CF/Resource:1.0" supportsname="Resource"/>
    <supportsinterface repid="IDL:CF/LifeCycle:1.0" supportsname="LifeCycle"/>
    <supportsinterface repid="IDL:CF/PortSupplier:1.0" supportsname="PortSupplier"/>
    <supportsinterface repid="IDL:CF/PropertySet:1.0" supportsname="PropertySet"/>
    <supportsinterface repid="IDL:CF/TestableObject:1.0" supportsname="TestableObject"/>
    <ports>
      <provides repid="IDL:FRONTEND/GPS:1.0" providesname="gps"/>
      <provides repid="IDL:BULKIO/dataFloat:1.0" providesname="dataFloat"/>
    </ports>
  </componentfeatures>
  <interfaces>
    <interface name="Device" repid="IDL:CF/Device:1.0">
      <inheritsinterface repid="IDL:CF/Resource:1.0"/>
    </interface>
    <interface name="Resource" repid="IDL:CF/Resource:1.0">
      <inheritsinterface repid="IDL:CF/PropertySet:1.0"/>
      <inheritsinterface repid="IDL:CF/LifeCycle:1.0"/>
      <inheritsinterface repid="IDL:CF/PortSupplier:1.0"/>
      <inheritsinterface repid="IDL:CF/TestableObject:1.0"/>
    </interface>
    <interface name="LifeCycle" repid="IDL:CF/LifeCycle:1.0"/>
    <interface name="PortSupplier" repid="IDL:CF/PortSupplier:1.0"/>
    <interface name="PropertySet" repid="IDL:CF/PropertySet:1.0"/>
    <interface name="TestableObject" repid="IDL:CF/TestableObject:1.0"/>
    <interface name="GPS" repid="IDL:FRONTEND/GPS:1.0"/>
    <interface name="dataFloat" repid="IDL:BULKIO/dataFloat:1.0">
      <inheritsinterface repid="IDL:BULKIO/ProvidesPortStatisticsProvider:1.0"/>
      <inheritsinterface repid="IDL:BULKIO/updateSRI:1.0"/>
    </interface>
    <interface name="ProvidesPortStatisticsProvider" repid="IDL:BULKIO/ProvidesPortStatisticsProvider:1.0"/>
    <interface name="updateSRI" repid="IDL:BULKIO/updateSRI:1.0"/>
  </interfaces>
</softwarecomponent>
