<?xml version="1.0" encoding="UTF-8"?>
<!DOCTYPE properties PUBLIC "-//JTRS//DTD SCA V2.2.2 PRF//EN" "properties.dtd">
<properties>
  <struct id="runningAve" mode="readwrite">
    <simple id="Ave" name="ave" type="float" complex="false"/>
    <simple id="AOA" name="aoa" type="float" complex="false"/>
    <simple id="Wavelength" name="wavelength" type="string"/>
    <simple id="LocLong" name="locLong" type="float" complex="false"/>
    <simple id="LocLat" name="locLat" type="float" complex="false"/>
    <simple id="Compass" name="compass" type="float" complex="false"/>
    <configurationkind kindtype="message"/>
  </struct>
</properties>
